Speaker,TimeAt,F1_mel,F2_mel,TRx,TRz,TBx,TBz,TTx,TTz,JAWx,JAWz,ULx,ULz,LLx,LLz
F01,0.5,609.7558893899258,1438.720086191862,-50.813734475000004,-5.102376199499999,-36.40628595,-1.3104687425,-18.668279350000002,-10.489821339999999,-5.6119767175,-26.300502700000003,8.2276215225,4.263231952499999,4.12233283725,-25.384233299999998
F02,0.5,638.3321420330738,1441.6624783396985,-50.78826202500001,0.18970092750000006,-36.079172850000006,-0.20960833175000007,-17.879558924999998,-7.8678799925000025,-5.388886205,-21.9353488,8.2601528925,5.248634387499999,6.6402137125,-28.485085275000007
F03,0.5,713.0053739369154,1478.9604709040154,-44.367393525,-4.411450681,-27.868659,-3.188959924275,-14.808103787499999,-10.804194925000001,1.4072984775,-22.293193775000002,10.080188525,0.36950726741500006,11.2497268375,-25.980258600000003
F04,0.5,669.3793178004977,1428.1050136107438,-44.751956975,1.5265176825,-27.640046075000004,-4.63327582235,-16.555627762499995,-11.693881230000002,-2.63003837,-20.174587300000002,8.705220435000001,6.14159437,6.213335572500001,-29.120013975000006
M01,0.5,612.1867741777489,1392.1474396806761,-39.858406925000004,-5.264934026500001,-24.606321950000005,-10.03903815,-15.553133374999998,-13.249003425000001,-0.5273787806450001,-23.728792825,12.173391075,1.650300905,11.682707724999997,-27.902627024999997
M02,0.5,585.2170269873847,1336.9144489755129,-58.592046749999994,-6.23437391025,-35.982506474999994,-1.2612095032500004,-13.512202787499998,-13.664820937500002,0.35718968135,-22.832892175,11.06595805,5.916145142500001,13.704357149999998,-27.598419075000002
M03,0.5,623.6759613295816,1413.5369438997309,-50.13149452500001,1.379974769775,-32.884212424999994,0.030394938249999892,-15.9976397875,-10.107116922499998,-2.0802477824999994,-20.784734675,11.671989100000001,-1.8472393475,5.8300912775,-28.594627275000004
M04,0.5,672.7662566836498,1405.6634440427551,-42.160547300000005,-3.0634986731000002,-30.658806574999993,-3.9071690049999988,-18.831212924999996,-9.135980977500001,-2.911995705,-21.959011324999995,11.3870036125,0.8188159000999999,8.105273795,-25.648486275
